,Unnamed: 0,Pclass,Sex,Age,SibSp,Parch,Fare,Embarked,Survived
0,286,1.0,1.0,0.2711736617240512,0.0,0.0,0.0154115752137492,1.0,0.0
1,852,0.5,0.0,0.5476250314149284,0.125,0.0,0.0507486202230909,1.0,0.0
2,507,1.0,1.0,0.3465694898215631,0.0,0.0,0.0439658719432739,1.0,0.0
3,356,0.5,0.0,0.4722292033174164,0.0,0.0,0.0253743101115454,1.0,0.0
4,79,1.0,1.0,0.2711736617240512,0.0,0.0,0.0175668300772237,1.0,0.0
5,510,1.0,1.0,0.3465694898215631,0.0,0.0,0.0157125535690723,1.0,0.0
6,125,1.0,1.0,0.3465694898215631,0.0,0.0,0.0151269925664982,0.5,0.0
7,414,1.0,0.0,0.3465694898215631,0.0,0.0,0.0157125535690723,1.0,0.0
8,107,1.0,1.0,0.4722292033174164,0.0,0.0,0.0154115752137492,1.0,0.0
9,190,0.5,1.0,0.2334757476752953,0.0,0.0,0.0253743101115454,1.0,0.0
10,547,1.0,1.0,0.4093993465694898,0.125,0.1666666666666666,0.0400621319261131,1.0,0.0
11,427,1.0,1.0,0.3465694898215631,0.0,0.0,0.0151269925664982,0.5,0.0
12,338,0.0,1.0,0.5601910027645137,0.0,0.0,0.0692913853046049,1.0,0.0
13,301,1.0,1.0,0.2334757476752953,0.0,0.0,0.0,1.0,0.0
14,269,0.0,1.0,0.3465694898215631,0.0,0.0,0.060507970265993,1.0,0.0
15,20,0.5,1.0,0.4345312892686604,0.0,0.0,0.0507486202230909,1.0,0.0
16,24,1.0,0.0,0.0952500628298567,0.375,0.1666666666666666,0.0411356604308323,1.0,0.0
17,710,0.0,1.0,0.3465694898215631,0.0,0.0,0.0518221487278101,1.0,0.0
18,724,1.0,1.0,0.2460417190248806,0.0,0.0,0.0169080739493278,1.0,0.0
19,66,1.0,1.0,0.2334757476752953,0.0,0.0,0.0159239410910016,1.0,0.0
20,307,0.5,1.0,0.3717014325207338,0.125,0.0,0.04684488020593,0.0,0.0
21,391,1.0,1.0,0.3465694898215631,0.25,0.0,0.0154685698179998,1.0,0.0
22,316,0.5,1.0,0.6732847449107816,0.0,0.0,0.0273261801201258,1.0,0.0
23,821,0.0,1.0,0.4722292033174164,0.0,0.0,0.0,1.0,0.0
24,387,1.0,1.0,0.3465694898215631,0.0,0.0,0.0150863936703197,0.5,0.0
25,209,1.0,1.0,0.2963056044232219,0.0,0.0,0.0137606835604919,1.0,0.0
26,82,0.0,1.0,0.3465694898215631,0.0,0.0,0.0919330774041378,1.0,0.0
27,484,1.0,0.0,0.3465694898215631,0.375,0.1666666666666666,0.049707687947515,1.0,0.0
28,455,0.0,1.0,0.8115104297562202,0.0,0.0,0.0518221487278101,1.0,0.0
29,641,1.0,0.0,0.0198542347323448,0.375,0.3333333333333333,0.0544571732393937,1.0,0.0
30,184,0.0,1.0,0.3465694898215631,0.0,0.0,0.097593500429021,1.0,0.0
31,259,1.0,1.0,0.3465694898215631,0.0,0.0,0.0151269925664982,0.5,0.0
32,54,0.0,1.0,0.8115104297562202,0.0,0.1666666666666666,0.1209753416358076,0.0,0.0
33,458,1.0,1.0,0.3465694898215631,0.0,0.0,0.0151269925664982,0.5,0.0
34,752,1.0,1.0,0.2837396330736366,0.0,0.0,0.0154115752137492,1.0,0.0
35,777,1.0,1.0,0.3465694898215631,0.0,0.0,0.015102594191391,0.5,0.0
36,751,1.0,1.0,0.4093993465694898,0.0,0.0,0.0185427650815139,1.0,0.0
37,205,1.0,1.0,0.3968333752199044,0.125,0.0,0.0309371396359996,1.0,0.0
38,551,1.0,1.0,0.3465694898215631,0.0,0.0,0.0152815806711778,0.5,0.0
39,303,1.0,1.0,0.3465694898215631,0.0,0.0,0.0157125535690723,1.0,0.0
40,577,1.0,0.0,0.3465694898215631,0.125,0.0,0.0282207221450582,0.0,0.0
41,670,0.0,1.0,0.3842674038703191,0.125,0.0,0.1014972404461818,1.0,0.0
42,441,1.0,1.0,0.3088715757728072,0.125,0.0,0.0151757893167127,1.0,0.0
43,763,1.0,1.0,0.1957778336265393,0.0,0.0,0.0151757893167127,1.0,0.0
44,504,0.0,1.0,0.22090977632571,0.125,0.0,0.2125586439344078,0.0,0.0
45,216,0.5,1.0,0.5224930887157577,0.125,0.0,0.0527004902316713,1.0,0.0
46,325,1.0,1.0,0.7612465443578789,0.0,0.0,0.0121747891785203,1.0,0.0
47,550,0.5,1.0,0.3340035184719778,0.0,0.0,0.0507486202230909,1.0,0.0
48,412,0.5,1.0,0.3465694898215631,0.0,0.0,0.0,1.0,0.0
49,556,0.0,1.0,0.3465694898215631,0.0,0.0,0.4440992237022602,0.0,0.0
50,533,1.0,0.0,0.3717014325207338,0.0,0.0,0.0169080739493278,1.0,0.0
51,18,1.0,0.0,0.3842674038703191,0.125,0.0,0.0351336601544475,1.0,0.0
52,740,0.0,1.0,0.4470972606182458,0.125,0.0,0.1539049501765661,1.0,0.0
53,544,0.0,1.0,0.7989444584066349,0.0,0.0,0.0507486202230909,1.0,0.0
54,554,0.0,1.0,0.7738125157074642,0.0,0.0,0.0518221487278101,1.0,0.0
55,645,1.0,1.0,0.2334757476752953,0.0,0.0,0.0154115752137492,1.0,0.0
56,573,1.0,1.0,0.1957778336265393,0.0,0.0,0.0157125535690723,1.0,0.0
57,748,1.0,1.0,0.3842674038703191,0.0,0.0,0.0151269925664982,0.5,0.0
58,272,0.0,1.0,0.4596632319678311,0.0,0.1666666666666666,0.0579705392548384,0.0,0.0
59,57,1.0,1.0,0.3528524754963558,0.0,0.0,0.0141104586660295,0.0,0.0
60,835,1.0,1.0,0.3465694898215631,0.0,0.0,0.0157125535690723,1.0,0.0
61,187,1.0,1.0,0.497361146016587,0.125,0.1666666666666666,0.0302539851329965,0.5,0.0
62,649,1.0,1.0,0.3465694898215631,0.0,0.0,0.0154115752137492,1.0,0.0
63,218,0.5,1.0,0.3717014325207338,0.0,0.0,0.0204946350900944,1.0,0.0
64,727,0.5,1.0,0.3088715757728072,0.125,0.0,0.0507486202230909,1.0,0.0
65,651,1.0,1.0,0.2586076903744659,0.0,0.0,0.0164607053433612,1.0,0.0
66,862,0.5,1.0,0.2963056044232219,0.0,0.0,0.0253743101115454,1.0,0.0
67,381,1.0,1.0,0.3968333752199044,0.0,0.0,0.0154685698179998,1.0,0.0
68,335,0.0,1.0,0.3591354611711485,0.125,0.0,0.1299945425714559,1.0,0.0
69,609,1.0,0.0,0.4847951746670017,0.125,0.8333333333333333,0.0610447345183526,1.0,0.0
70,742,1.0,1.0,0.2963056044232219,0.125,0.0,0.0314251071381447,1.0,0.0
71,432,1.0,1.0,0.2083438049761246,0.0,0.0,0.0139070738111354,1.0,0.0
72,574,1.0,1.0,0.2334757476752953,0.0,0.0,0.028302115124416,1.0,0.0
73,619,1.0,1.0,0.3340035184719778,0.125,0.0,0.0282127194780231,0.0,0.0
74,45,1.0,1.0,0.3465694898215631,0.0,0.0,0.0157125535690723,1.0,0.0
75,865,0.0,1.0,0.3842674038703191,0.0,0.0,0.0985612375792752,1.0,0.0
76,760,1.0,1.0,0.5099271173661725,0.0,0.0,0.0139070738111354,1.0,0.0
77,647,1.0,1.0,0.3465694898215631,0.0,0.0,0.0147366185647821,1.0,0.0
78,838,1.0,1.0,0.2460417190248806,0.0,0.0,0.0154685698179998,1.0,0.0
79,605,1.0,1.0,0.3717014325207338,0.0,0.0,0.0154115752137492,1.0,0.0
80,85,1.0,1.0,0.1957778336265393,0.125,0.5,0.0670955315449519,1.0,0.0
81,540,1.0,0.0,0.107816034179442,0.5,0.3333333333333333,0.0610447345183526,1.0,0.0
82,16,1.0,1.0,0.0198542347323448,0.5,0.1666666666666666,0.0568482139999047,0.5,0.0
83,518,1.0,1.0,0.3968333752199044,0.0,0.0,0.0154115752137492,1.0,0.0
84,76,1.0,1.0,0.3465694898215631,0.0,0.0,0.0157125535690723,1.0,0.0
85,30,0.0,1.0,0.497361146016587,0.0,0.0,0.0541073981338561,0.0,0.0
86,597,1.0,1.0,0.3465694898215631,0.0,0.0,0.0141022608119935,0.0,0.0
87,804,1.0,1.0,0.3842674038703191,0.0,0.0,0.0151757893167127,1.0,0.0
88,717,1.0,1.0,0.3465694898215631,0.0,0.0,0.0302539851329965,0.5,0.0
89,453,1.0,1.0,0.3465694898215631,0.0,0.0,0.0157125535690723,1.0,0.0
90,537,1.0,1.0,0.3465694898215631,0.0,0.0,0.028302115124416,1.0,0.0
91,275,1.0,0.0,0.5601910027645137,0.0,0.0,0.0151269925664982,1.0,0.0
92,516,1.0,1.0,0.3465694898215631,0.0,0.0,0.0471376607072171,0.5,0.0
93,320,1.0,1.0,0.3340035184719778,0.0,0.0,0.0154115752137492,1.0,0.0
94,123,0.0,1.0,0.6732847449107816,0.0,0.1666666666666666,0.1508551532881592,1.0,0.0
95,470,1.0,1.0,0.4722292033174164,0.0,0.0,0.0169080739493278,1.0,0.0
96,513,1.0,1.0,0.2963056044232219,0.0,0.0,0.0146308272103171,1.0,0.0
97,348,1.0,1.0,0.5224930887157577,0.0,0.0,0.0169080739493278,1.0,0.0
98,323,1.0,1.0,0.3465694898215631,1.0,0.3333333333333333,0.1357525590967682,1.0,0.0
99,728,1.0,0.0,0.3088715757728072,0.125,0.0,0.0154685698179998,1.0,0.0
100,195,1.0,1.0,0.3465694898215631,0.0,0.0,0.0151269925664982,0.5,0.0
101,698,1.0,1.0,0.5224930887157577,0.0,0.0,0.0149318055656402,1.0,0.0
102,435,1.0,0.0,0.2586076903744659,0.25,0.3333333333333333,0.0670955315449519,1.0,0.0
103,671,0.5,1.0,0.8743402865041467,0.0,0.0,0.0204946350900944,1.0,0.0
104,704,0.5,1.0,0.4847951746670017,0.0,0.0,0.0507486202230909,1.0,0.0
105,535,0.0,1.0,0.5601910027645137,0.0,0.0,0.0518221487278101,1.0,0.0
106,799,0.5,1.0,0.4219653179190751,0.0,0.0,0.0253743101115454,1.0,0.0
107,618,0.5,1.0,0.3214375471223925,0.0,0.0,0.0204946350900944,1.0,0.0
108,871,1.0,1.0,0.5853229454636844,0.0,0.0,0.0175668300772237,1.0,0.0
109,866,1.0,1.0,0.3465694898215631,0.0,0.0,0.0185427650815139,1.0,0.0
110,632,0.0,1.0,0.3465694898215631,0.0,0.0,0.0,1.0,0.0
111,449,0.5,1.0,0.4470972606182458,0.125,0.3333333333333333,0.0541643927381066,1.0,0.0
112,825,1.0,1.0,0.3465694898215631,0.0,0.0,0.1102724576307577,1.0,0.0
113,830,1.0,1.0,0.3465694898215631,0.0,0.0,0.0141104586660295,0.0,0.0
114,142,1.0,1.0,0.2334757476752953,0.0,0.0,0.0131751225579178,0.5,0.0
115,440,1.0,1.0,0.2460417190248806,0.0,0.0,0.0185427650815139,1.0,0.0
116,755,1.0,1.0,0.3465694898215631,0.0,0.0,0.0152163882128912,1.0,0.0
117,341,0.5,1.0,0.3465694898215631,0.0,0.0,0.0253743101115454,1.0,0.0
118,284,1.0,1.0,0.4093993465694898,0.0,0.0,0.0169080739493278,0.0,0.0
119,343,0.5,1.0,0.4470972606182458,0.0,0.0,0.0253743101115454,1.0,0.0
120,319,1.0,1.0,0.2711736617240512,0.0,0.0,0.014151057562208,1.0,0.0
121,188,1.0,1.0,0.4470972606182458,0.0,0.0,0.0154115752137492,1.0,0.0
122,679,1.0,0.0,0.3465694898215631,0.0,0.0,0.0158833421948231,0.5,0.0
123,46,1.0,1.0,0.3465694898215631,0.125,0.0,0.0302539851329965,0.5,0.0
124,311,0.5,0.0,0.3214375471223925,0.125,0.1666666666666666,0.0507486202230909,1.0,0.0
125,163,1.0,1.0,0.0072882633827594,0.5,0.1666666666666666,0.0774648409655354,1.0,0.0
126,204,1.0,0.0,0.0198542347323448,0.0,0.1666666666666666,0.0204214399647726,1.0,0.0
127,514,0.0,1.0,0.5853229454636844,0.0,0.0,0.0664041791879127,1.0,0.0
128,747,0.0,1.0,0.2334757476752953,0.125,0.0,0.1036442974556203,1.0,0.0
129,692,1.0,1.0,0.3088715757728072,0.0,0.0,0.0141022608119935,0.0,0.0
130,265,1.0,1.0,0.1957778336265393,0.5,0.1666666666666666,0.0774648409655354,1.0,0.0
131,42,1.0,1.0,0.3465694898215631,0.0,0.0,0.0154115752137492,0.0,0.0
132,433,0.0,1.0,0.6230208595124404,0.125,0.0,0.1091095334796455,1.0,0.0
133,253,1.0,0.0,0.5099271173661725,0.0,0.3333333333333333,0.0394521725484317,1.0,0.0
134,296,0.0,0.0,0.0198542347323448,0.125,0.3333333333333333,0.2958058998003627,1.0,0.0
135,868,1.0,1.0,0.3214375471223925,0.0,0.0,0.0154115752137492,1.0,0.0
136,543,0.0,1.0,0.6230208595124404,0.125,0.0,0.2077277656631712,0.0,0.0
137,481,1.0,1.0,0.6230208595124404,0.0,0.0,0.0157125535690723,1.0,0.0
138,870,0.0,1.0,0.4093993465694898,0.0,0.0,0.0097593500429021,1.0,0.0
139,839,0.5,1.0,0.1957778336265393,0.0,0.0,0.0204946350900944,1.0,0.0
140,581,0.5,1.0,0.6732847449107816,0.0,0.0,0.0507486202230909,1.0,0.0
141,313,0.5,1.0,0.5350590600653431,0.125,0.1666666666666666,0.051236587725236,1.0,0.0
142,7,1.0,1.0,0.0198542347323448,0.375,0.1666666666666666,0.0411356604308323,1.0,0.0
143,596,1.0,1.0,0.610454888162855,0.0,0.0,0.0,1.0,0.0
144,567,1.0,1.0,0.3465694898215631,0.0,0.0,0.0141104586660295,0.0,0.0
145,798,1.0,0.0,0.3717014325207338,0.125,0.1666666666666666,0.0471376607072171,1.0,0.0
146,781,0.0,1.0,0.3591354611711485,0.0,0.0,0.0585561002574126,1.0,0.0
147,744,0.0,1.0,0.8743402865041467,0.125,0.1666666666666666,0.1385827706092098,1.0,0.0
148,541,1.0,0.0,0.1329479768786127,0.5,0.3333333333333333,0.0610447345183526,1.0,0.0
149,291,0.5,1.0,0.4470972606182458,0.0,0.0,0.0251303263604729,0.0,0.0
150,75,1.0,1.0,0.3465694898215631,0.0,0.0,0.0154115752137492,1.0,0.0
151,12,1.0,1.0,0.2460417190248806,0.0,0.0,0.0157125535690723,1.0,0.0
152,531,1.0,1.0,0.2083438049761246,0.125,0.1666666666666666,0.0141104586660295,0.0,0.0
153,697,0.0,1.0,0.610454888162855,0.125,0.1666666666666666,0.2164297877224253,0.0,0.0
154,600,1.0,1.0,0.3465694898215631,0.0,0.0,0.0154115752137492,1.0,0.0
155,759,1.0,1.0,0.3465694898215631,0.0,0.0,0.028302115124416,1.0,0.0
156,437,0.0,1.0,0.7989444584066349,0.125,0.6666666666666666,0.5133418122566507,1.0,0.0
157,718,1.0,1.0,0.4093993465694898,0.0,0.0,0.0151757893167127,1.0,0.0
158,486,0.0,1.0,0.723548630309123,0.0,0.0,0.0579705392548384,0.0,0.0
159,775,1.0,1.0,0.3465694898215631,0.0,0.0,0.0151269925664982,0.5,0.0
160,628,1.0,1.0,0.3465694898215631,0.0,0.0,0.0150943963373549,0.5,0.0
161,86,1.0,1.0,0.3465694898215631,0.0,0.0,0.0157125535690723,1.0,0.0
162,610,1.0,1.0,0.3465694898215631,0.0,0.0,0.0137606835604919,1.0,0.0
163,213,1.0,1.0,0.3465694898215631,0.125,0.0,0.0151269925664982,0.5,0.0
164,834,1.0,1.0,0.2586076903744659,0.0,0.0,0.0169080739493278,1.0,0.0
165,604,1.0,1.0,0.4470972606182458,0.125,0.0,0.0303515786334255,1.0,0.0
166,687,1.0,1.0,0.22090977632571,0.0,0.0,0.0152163882128912,1.0,0.0
167,29,1.0,1.0,0.3465694898215631,0.0,0.0,0.0154115752137492,1.0,0.0
168,630,1.0,1.0,0.6355868308620256,0.0,0.0,0.013768881414528,1.0,0.0
169,451,0.0,1.0,0.3717014325207338,0.0,0.0,0.0541643927381066,0.0,0.0
170,334,1.0,1.0,0.3465694898215631,0.0,0.0,0.0154115752137492,1.0,0.0
171,677,1.0,0.0,0.5350590600653431,0.125,1.0,0.0915427034024217,1.0,0.0
172,857,1.0,1.0,0.3465694898215631,0.0,0.0,0.0141104586660295,0.0,0.0
173,861,1.0,0.0,0.3465694898215631,1.0,0.3333333333333333,0.1357525590967682,1.0,0.0
174,4,1.0,1.0,0.4345312892686604,0.0,0.0,0.0157125535690723,1.0,0.0
175,33,0.5,1.0,0.8240764011058055,0.0,0.0,0.0204946350900944,1.0,0.0
176,469,1.0,1.0,0.3465694898215631,0.0,0.0,0.014151057562208,1.0,0.0
177,824,1.0,1.0,0.3465694898215631,0.0,0.0,0.0135654965596339,0.5,0.0
178,222,1.0,1.0,0.3465694898215631,0.0,0.0,0.0154115752137492,1.0,0.0
179,330,0.0,1.0,0.5664739884393064,0.0,0.0,0.0556282952445419,1.0,0.0
180,616,1.0,0.0,0.3214375471223925,0.125,0.0,0.0314251071381447,1.0,0.0
181,376,0.0,1.0,0.3340035184719778,0.0,0.3333333333333333,0.4128205068147589,0.0,0.0
182,756,0.5,1.0,0.22090977632571,0.0,0.0,0.0224465050986748,1.0,0.0
183,220,0.5,1.0,0.3340035184719778,0.0,0.0,0.0253743101115454,1.0,0.0
184,26,1.0,1.0,0.3465694898215631,0.0,0.0,0.0141022608119935,0.0,0.0
185,714,1.0,1.0,0.2334757476752953,0.0,0.0,0.0149318055656402,1.0,0.0
186,224,1.0,1.0,0.2711736617240512,0.0,0.0,0.0182499845802269,1.0,0.0
187,143,0.5,1.0,0.22090977632571,0.0,0.0,0.0224465050986748,1.0,0.0
188,104,1.0,1.0,0.3465694898215631,0.0,0.0,0.0154115752137492,1.0,0.0
189,722,0.5,1.0,0.6230208595124404,0.0,0.0,0.0253743101115454,1.0,0.0
190,0,1.0,1.0,0.2711736617240512,0.125,0.0,0.014151057562208,1.0,0.0
191,738,1.0,1.0,0.3465694898215631,0.0,0.0,0.0154115752137492,1.0,0.0
192,370,1.0,1.0,0.22090977632571,0.125,0.0,0.0126789572017366,1.0,0.0
193,520,1.0,1.0,0.2711736617240512,0.0,0.0,0.0154115752137492,1.0,0.0
194,226,1.0,1.0,0.2523247046996733,0.0,0.0,0.014151057562208,1.0,0.0
195,181,1.0,1.0,0.107816034179442,0.5,0.3333333333333333,0.0612643198943179,1.0,0.0
196,14,1.0,0.0,0.1706458909273686,0.0,0.0,0.0153303774213923,1.0,0.0
197,342,0.5,1.0,0.3088715757728072,0.0,0.0,0.0253743101115454,1.0,0.0
198,397,0.5,1.0,0.2837396330736366,0.0,0.0,0.0204946350900944,1.0,0.0
199,196,1.0,1.0,0.5224930887157577,0.0,0.1666666666666666,0.0164039059261115,1.0,0.0
200,876,1.0,1.0,0.3465694898215631,0.0,0.0,0.0154115752137492,1.0,0.0
201,162,1.0,1.0,0.2083438049761246,0.0,0.0,0.0169080739493278,1.0,0.0
202,41,0.5,0.0,0.3340035184719778,0.125,0.0,0.0409892701801888,1.0,0.0
203,283,0.0,1.0,0.3465694898215631,0.0,0.0,0.0507486202230909,1.0,0.0
204,364,1.0,1.0,0.3717014325207338,0.0,0.0,0.014151057562208,1.0,0.0
205,745,1.0,1.0,0.1957778336265393,0.125,0.1666666666666666,0.0395253676737535,1.0,0.0
206,378,1.0,1.0,0.2334757476752953,0.0,0.0,0.0151757893167127,1.0,0.0
207,601,0.0,1.0,0.3465694898215631,0.0,0.0,0.0827592883638098,1.0,0.0
208,874,1.0,1.0,0.2460417190248806,0.0,0.0,0.0192177217304811,1.0,0.0
209,417,0.5,1.0,0.3717014325207338,0.0,0.0,0.0253743101115454,1.0,0.0
210,797,1.0,1.0,0.3717014325207338,0.0,0.0,0.0141104586660295,0.0,0.0
211,487,1.0,1.0,0.3717014325207338,0.0,0.0,0.0157125535690723,1.0,0.0
212,713,0.5,1.0,0.648152802211611,0.0,0.0,0.0253743101115454,1.0,0.0
213,424,1.0,1.0,0.3465694898215631,0.0,0.0,0.014151057562208,1.0,0.0
214,823,1.0,1.0,0.0198542347323448,0.5,0.1666666666666666,0.0774648409655354,1.0,0.0
215,480,0.5,1.0,0.3465694898215631,0.0,0.0,0.0,1.0,0.0
216,438,0.5,1.0,0.3842674038703191,0.0,0.0,0.0204946350900944,1.0,0.0
217,276,0.5,1.0,0.3465694898215631,0.0,0.0,0.0,1.0,0.0
218,34,0.0,1.0,0.3465694898215631,0.125,0.0,0.16038672010106,0.0,0.0
219,128,1.0,1.0,0.5601910027645137,0.0,0.0,0.0136142933098484,1.0,0.0
220,675,1.0,1.0,0.3025885900980145,0.0,0.0,0.0157125535690723,1.0,0.0
221,622,1.0,1.0,0.2586076903744659,0.0,0.0,0.0153303774213923,1.0,0.0
222,212,0.5,1.0,0.3717014325207338,0.0,0.0,0.0253743101115454,1.0,0.0
223,139,1.0,0.0,0.3465694898215631,0.0,0.3333333333333333,0.0297578197768153,0.0,0.0
224,615,1.0,1.0,0.4219653179190751,0.125,0.1666666666666666,0.028106928123558,1.0,0.0
225,613,1.0,1.0,0.4345312892686604,0.0,0.0,0.0157125535690723,1.0,0.0
226,818,1.0,1.0,0.1203820055290273,0.375,0.3333333333333333,0.0544571732393937,1.0,0.0
227,450,1.0,1.0,0.3465694898215631,0.125,0.0,0.0389724029003226,1.0,0.0
228,667,1.0,1.0,0.5350590600653431,0.0,0.0,0.0157125535690723,1.0,0.0
229,831,1.0,1.0,0.2837396330736366,0.0,0.0,0.0153303774213923,1.0,0.0
230,612,1.0,1.0,0.3465694898215631,0.0,0.0,0.0151269925664982,0.5,0.0
231,850,1.0,0.0,0.107816034179442,0.125,0.1666666666666666,0.0297578197768153,0.0,0.0
232,582,0.0,1.0,0.4470972606182458,0.0,0.0,0.0783187840942893,0.0,0.0
233,394,1.0,1.0,0.2711736617240512,0.0,0.0,0.0152163882128912,1.0,0.0
234,331,0.0,1.0,0.4722292033174164,0.0,0.1666666666666666,0.2995388511917728,1.0,0.0
235,377,1.0,1.0,0.2460417190248806,0.0,0.0,0.0078318784094289,0.0,0.0
236,858,1.0,1.0,0.5099271173661725,0.25,0.0,0.0275375676420551,1.0,0.0
237,774,1.0,1.0,0.22090977632571,0.0,0.0,0.0151269925664982,1.0,0.0
238,312,1.0,1.0,0.3465694898215631,0.0,0.0,0.0154115752137492,1.0,0.0
239,281,1.0,1.0,0.1957778336265393,0.0,0.0,0.0185427650815139,1.0,0.0
240,74,1.0,1.0,0.3088715757728072,0.0,0.0,0.0149318055656402,1.0,0.0
241,373,1.0,0.0,0.0324202060819301,0.375,0.1666666666666666,0.0411356604308323,1.0,0.0
242,383,1.0,1.0,0.3465694898215631,0.0,0.0,0.0154115752137492,1.0,0.0
243,559,1.0,1.0,0.3465694898215631,0.0,0.0,0.0151269925664982,0.5,0.0
244,211,1.0,1.0,0.2711736617240512,0.0,0.0,0.014151057562208,1.0,0.0
245,13,1.0,1.0,0.4847951746670017,0.125,0.8333333333333333,0.0610447345183526,1.0,0.0
246,627,1.0,1.0,0.3214375471223925,0.0,0.0,0.0154115752137492,1.0,0.0
247,633,1.0,0.0,0.107816034179442,0.375,0.3333333333333333,0.0544571732393937,1.0,0.0
248,359,1.0,1.0,0.497361146016587,0.125,0.6666666666666666,0.0544571732393937,1.0,0.0
249,63,0.0,1.0,0.3465694898215631,0.0,0.0,0.0541073981338561,0.0,0.0
250,585,0.5,1.0,0.5853229454636844,0.0,0.0,0.0292780501287063,1.0,0.0
251,673,0.5,1.0,0.3465694898215631,0.0,0.0,0.0,1.0,0.0
252,221,1.0,1.0,0.6355868308620256,0.0,0.0,0.0157125535690723,1.0,0.0
253,227,0.5,1.0,0.22090977632571,0.0,0.0,0.0253743101115454,1.0,0.0
254,875,1.0,1.0,0.2334757476752953,0.0,0.0,0.0154115752137492,1.0,0.0
255,395,1.0,0.0,0.3842674038703191,0.0,0.0,0.0153303774213923,1.0,0.0
256,530,1.0,1.0,0.3465694898215631,0.0,0.0,0.0141104586660295,0.0,0.0
257,712,1.0,1.0,0.3591354611711485,0.0,0.0,0.0185101688523707,1.0,0.0
258,51,1.0,1.0,0.2586076903744659,0.0,0.0,0.0152245860669272,1.0,0.0
259,701,1.0,0.0,0.22090977632571,0.0,0.1666666666666666,0.0282127194780231,0.0,0.0
260,721,0.5,1.0,0.4219653179190751,0.0,0.0,0.0253743101115454,1.0,0.0
261,144,0.5,1.0,0.2334757476752953,0.125,0.1666666666666666,0.0717312228153304,1.0,0.0
262,396,0.5,1.0,0.5727569741140991,0.0,0.0,0.0507486202230909,1.0,0.0
263,385,1.0,1.0,0.0072882633827594,0.625,0.3333333333333333,0.0915427034024217,1.0,0.0
264,27,0.0,1.0,0.2334757476752953,0.375,0.3333333333333333,0.5133418122566507,1.0,0.0
265,583,1.0,1.0,0.3465694898215631,0.0,0.0,0.0170056674497569,0.0,0.0
266,473,1.0,0.0,0.2711736617240512,0.0,0.0,0.0192015212094098,1.0,0.0
267,523,1.0,1.0,0.3465694898215631,0.0,0.0,0.0141104586660295,0.0,0.0
268,737,1.0,1.0,0.3465694898215631,0.0,0.0,0.0154115752137492,1.0,0.0
269,587,1.0,1.0,0.2711736617240512,0.0,0.0,0.0157125535690723,1.0,0.0
270,703,1.0,1.0,0.3214375471223925,0.125,0.0,0.0153303774213923,1.0,0.0
271,245,1.0,0.0,0.3088715757728072,0.0,0.0,0.0151757893167127,1.0,0.0
272,674,1.0,1.0,0.22090977632571,0.0,0.0,0.0151757893167127,1.0,0.0
273,666,1.0,1.0,0.3465694898215631,0.0,0.0,0.0151757893167127,1.0,0.0
274,521,1.0,1.0,0.3465694898215631,0.0,0.0,0.0141022608119935,0.0,0.0
275,228,1.0,0.0,0.3465694898215631,0.375,0.1666666666666666,0.049707687947515,1.0,0.0
276,784,1.0,1.0,0.3088715757728072,0.0,0.0,0.014151057562208,1.0,0.0
277,372,0.0,1.0,0.2711736617240512,0.0,0.0,0.2647385704347907,0.0,0.0
278,623,1.0,1.0,0.2586076903744659,0.0,0.0,0.0314251071381447,1.0,0.0
279,40,1.0,0.0,0.497361146016587,0.125,0.0,0.0184939683312994,1.0,0.0
280,502,1.0,0.0,0.4596632319678311,0.0,0.0,0.0187135537072647,1.0,0.0
281,805,0.0,1.0,0.4847951746670017,0.0,0.0,0.0,1.0,0.0
282,129,1.0,1.0,0.4093993465694898,0.0,0.0,0.0154115752137492,0.0,0.0
283,161,1.0,1.0,0.3214375471223925,0.0,0.0,0.0151757893167127,1.0,0.0
284,384,0.5,1.0,0.22090977632571,0.0,0.0,0.1434624456306609,1.0,0.0
285,68,1.0,1.0,0.3214375471223925,0.25,0.0,0.0169080739493278,1.0,0.0
286,720,1.0,1.0,0.2083438049761246,0.125,0.0,0.013768881414528,1.0,0.0
287,410,1.0,1.0,0.3465694898215631,0.0,0.0,0.013386510079847,0.5,0.0
288,460,1.0,1.0,0.4219653179190751,0.0,0.0,0.0157125535690723,1.0,0.0
289,166,1.0,0.0,0.5601910027645137,0.125,0.6666666666666666,0.0544571732393937,1.0,0.0
290,528,0.5,1.0,0.2837396330736366,0.25,0.1666666666666666,0.0224465050986748,1.0,0.0
291,5,1.0,1.0,0.3465694898215631,0.0,0.0,0.0165095020935757,0.5,0.0
292,702,1.0,1.0,0.3088715757728072,0.0,0.0,0.015110792045427,0.5,0.0
293,757,1.0,1.0,0.4219653179190751,0.0,0.0,0.0157125535690723,1.0,0.0
294,233,0.5,1.0,0.2963056044232219,0.0,0.0,0.0204946350900944,1.0,0.0
295,859,0.5,1.0,0.2586076903744659,0.125,0.0,0.0224465050986748,1.0,0.0
296,786,1.0,1.0,0.0952500628298567,0.5,0.1666666666666666,0.0568482139999047,0.5,0.0
297,37,1.0,1.0,0.2586076903744659,0.0,0.0,0.0157125535690723,1.0,0.0
298,782,1.0,1.0,0.3465694898215631,0.125,0.3333333333333333,0.0457713517012108,1.0,0.0
299,38,1.0,0.0,0.22090977632571,0.25,0.0,0.0351336601544475,1.0,0.0
300,59,1.0,1.0,0.1329479768786127,0.625,0.3333333333333333,0.0915427034024217,1.0,0.0
301,6,0.0,1.0,0.6732847449107816,0.0,0.0,0.101228858320002,1.0,0.0
302,526,0.0,1.0,0.3465694898215631,0.0,0.0,0.4328841690069588,1.0,0.0
303,602,1.0,1.0,0.5476250314149284,0.0,0.0,0.0157125535690723,1.0,0.0
304,832,1.0,1.0,0.22090977632571,0.0,0.0,0.0162005210712174,1.0,0.0
305,354,1.0,1.0,0.3465694898215631,0.0,0.0,0.0185427650815139,1.0,0.0
306,230,1.0,1.0,0.3591354611711485,0.0,0.0,0.0151757893167127,1.0,0.0
307,653,1.0,0.0,0.22090977632571,0.0,0.0,0.0131751225579178,0.5,0.0
308,261,0.0,1.0,0.648152802211611,0.125,0.1666666666666666,0.1554664461834305,1.0,0.0
309,479,1.0,1.0,0.107816034179442,0.625,0.3333333333333333,0.0915427034024217,1.0,0.0
310,693,0.0,1.0,0.7486805730082936,0.0,0.0,0.0518221487278101,1.0,0.0
311,277,1.0,1.0,0.0826840914802714,0.5,0.1666666666666666,0.0568482139999047,0.5,0.0
312,231,0.5,1.0,0.7361146016587082,0.0,0.0,0.0263502451158356,1.0,0.0
313,50,1.0,1.0,0.0826840914802714,0.5,0.1666666666666666,0.0774648409655354,1.0,0.0
314,765,0.0,1.0,0.3465694898215631,0.0,0.0,0.0772940523397846,0.0,0.0
315,280,1.0,1.0,0.3465694898215631,0.0,0.0,0.0153303774213923,1.0,0.0
316,109,0.0,1.0,0.5853229454636844,0.0,0.0,0.1014972404461818,1.0,0.0
317,639,1.0,1.0,0.2460417190248806,0.0,0.0,0.0153303774213923,1.0,0.0
318,524,1.0,1.0,0.5036441316913798,0.0,0.0,0.0151269925664982,0.5,0.0
319,234,1.0,0.0,0.3465694898215631,0.0,0.0,0.0147366185647821,1.0,0.0
320,332,1.0,1.0,0.1957778336265393,0.25,0.0,0.0351336601544475,1.0,0.0
321,400,1.0,1.0,0.3214375471223925,0.0,0.0,0.0157125535690723,1.0,0.0
322,349,1.0,1.0,0.2837396330736366,0.0,0.0,0.0180060008291543,1.0,0.0
323,35,0.0,1.0,0.5224930887157577,0.125,0.0,0.1014972404461818,1.0,0.0
324,371,1.0,1.0,0.2334757476752953,0.0,0.0,0.0157125535690723,1.0,0.0
325,264,0.5,1.0,0.4470972606182458,0.0,0.0,0.0204946350900944,1.0,0.0
326,665,0.5,1.0,0.3088715757728072,0.0,0.0,0.0253743101115454,1.0,0.0
327,588,1.0,1.0,0.3465694898215631,0.0,0.0,0.0157125535690723,1.0,0.0
328,131,1.0,0.0,0.5853229454636844,0.125,0.0,0.028302115124416,1.0,0.0
329,49,1.0,0.0,0.22090977632571,0.125,0.0,0.0347432861527314,1.0,0.0
330,138,0.0,1.0,0.2963056044232219,0.0,0.0,0.1545881046795693,0.0,0.0
331,849,1.0,1.0,0.924604171902488,0.0,0.0,0.0151757893167127,1.0,0.0
332,409,1.0,1.0,0.3465694898215631,0.0,0.0,0.0154115752137492,1.0,0.0
333,783,1.0,1.0,0.3088715757728072,0.0,0.0,0.0137606835604919,1.0,0.0
334,130,1.0,1.0,0.2460417190248806,0.0,0.0,0.0137606835604919,1.0,0.0
335,248,0.5,1.0,0.6732847449107816,0.125,0.0,0.0507486202230909,1.0,0.0
336,292,1.0,0.0,0.2963056044232219,0.0,0.0,0.0172740495759367,1.0,0.0
337,806,1.0,0.0,0.22090977632571,0.0,0.0,0.0151757893167127,1.0,0.0
338,624,0.0,1.0,0.7612465443578789,0.0,0.0,0.063086000173326,1.0,0.0
339,167,0.0,1.0,0.3465694898215631,0.0,0.0,0.0506022299724474,1.0,0.0
340,1,0.0,0.0,0.4722292033174164,0.125,0.0,0.1391357353826406,0.0,1.0
341,2,1.0,0.0,0.3214375471223925,0.0,0.0,0.0154685698179998,1.0,1.0
342,3,0.0,0.0,0.4345312892686604,0.125,0.0,0.1036442974556203,1.0,1.0
343,8,1.0,0.0,0.3340035184719778,0.0,0.3333333333333333,0.0217307543665283,1.0,1.0
344,9,0.5,0.0,0.1706458909273686,0.125,0.0,0.0586942926540201,0.0,1.0
345,10,1.0,0.0,0.0449861774315154,0.125,0.1666666666666666,0.032596229143293,1.0,1.0
346,11,0.0,0.0,0.723548630309123,0.0,0.0,0.0518221487278101,1.0,1.0
347,15,0.5,0.0,0.685850716260367,0.0,0.0,0.0312299201372867,1.0,1.0
348,17,0.5,1.0,0.3465694898215631,0.0,0.0,0.0253743101115454,1.0,1.0
349,19,1.0,0.0,0.3465694898215631,0.0,0.0,0.0141022608119935,0.0,1.0
350,21,0.5,1.0,0.4219653179190751,0.0,0.0,0.0253743101115454,1.0,1.0
351,22,1.0,0.0,0.183211862276954,0.0,0.0,0.0156719546728939,0.5,1.0
352,23,0.0,1.0,0.3465694898215631,0.0,0.0,0.0692913853046049,1.0,1.0
353,25,1.0,0.0,0.4722292033174164,0.125,0.8333333333333333,0.0612643198943179,1.0,1.0
354,28,1.0,0.0,0.3465694898215631,0.0,0.0,0.0153791741716068,0.5,1.0
355,31,0.0,0.0,0.3465694898215631,0.125,0.0,0.2859895551532101,0.0,1.0
356,32,1.0,0.0,0.3465694898215631,0.0,0.0,0.0151269925664982,0.5,1.0
357,36,1.0,1.0,0.3465694898215631,0.0,0.0,0.0141104586660295,0.0,1.0
358,39,1.0,0.0,0.1706458909273686,0.125,0.0,0.0219423370754585,0.0,1.0
359,43,0.5,0.0,0.0324202060819301,0.125,0.3333333333333333,0.081157193460767,0.0,1.0
360,44,1.0,0.0,0.2334757476752953,0.0,0.0,0.0153791741716068,0.5,1.0
361,47,1.0,0.0,0.3465694898215631,0.0,0.0,0.0151269925664982,0.5,1.0
362,52,0.0,0.0,0.610454888162855,0.125,0.0,0.1497654242623688,0.0,1.0
363,53,0.5,0.0,0.3591354611711485,0.125,0.0,0.0507486202230909,1.0,1.0
364,55,0.0,1.0,0.3465694898215631,0.0,0.0,0.0692913853046049,1.0,1.0
365,56,0.5,0.0,0.2586076903744659,0.0,0.0,0.0204946350900944,1.0,1.0
366,58,0.5,0.0,0.0575521487811007,0.125,0.3333333333333333,0.0541643927381066,1.0,1.0
367,64,1.0,1.0,0.3465694898215631,0.125,0.1666666666666666,0.0297578197768153,0.0,1.0
368,65,0.5,0.0,0.3591354611711485,0.0,0.0,0.0204946350900944,1.0,1.0
369,67,1.0,0.0,0.2083438049761246,0.5,0.3333333333333333,0.0154685698179998,1.0,1.0
370,73,1.0,1.0,0.3968333752199044,0.0,0.0,0.1102724576307577,1.0,1.0
371,77,0.5,1.0,0.0051520482533299,0.0,0.3333333333333333,0.0566042302488321,1.0,1.0
372,78,1.0,0.0,0.3717014325207338,0.0,0.0,0.0243495783570407,1.0,1.0
373,80,1.0,1.0,0.3591354611711485,0.0,0.0,0.0185427650815139,1.0,1.0
374,81,1.0,0.0,0.3465694898215631,0.0,0.0,0.01520018769182,0.5,1.0
375,83,0.5,0.0,0.2083438049761246,0.0,0.0,0.0204946350900944,1.0,1.0
376,84,1.0,0.0,0.4093993465694898,0.375,0.0,0.0309371396359996,1.0,1.0
377,87,0.0,0.0,0.2837396330736366,0.375,0.3333333333333333,0.5133418122566507,1.0,1.0
378,96,0.0,1.0,0.2837396330736366,0.0,0.1666666666666666,0.1236671655646408,0.0,1.0
379,97,0.5,0.0,0.4219653179190751,0.0,0.1666666666666666,0.0448930101973496,1.0,1.0
380,105,1.0,0.0,0.2586076903744659,0.0,0.0,0.0149318055656402,1.0,1.0
381,106,1.0,1.0,0.3465694898215631,0.0,0.0,0.0151757893167127,1.0,1.0
382,108,1.0,0.0,0.3465694898215631,0.125,0.0,0.0471376607072171,0.5,1.0
383,122,0.5,0.0,0.4031163608946971,0.0,0.0,0.0253743101115454,1.0,1.0
384,124,1.0,1.0,0.145513948228198,0.125,0.0,0.0219423370754585,0.0,1.0
385,126,1.0,1.0,0.2963056044232219,0.0,0.0,0.0139396700402787,1.0,1.0
386,127,1.0,0.0,0.3465694898215631,0.125,0.1666666666666666,0.0436404952128436,0.0,1.0
387,132,0.5,0.0,0.3591354611711485,0.125,0.0,0.0507486202230909,1.0,1.0
388,135,0.0,0.0,0.2334757476752953,0.0,0.3333333333333333,0.0513015849965217,1.0,1.0
389,140,1.0,0.0,0.2711736617240512,0.0,0.0,0.0151269925664982,1.0,1.0
390,141,1.0,0.0,0.2963056044232219,0.125,0.0,0.0309371396359996,1.0,1.0
391,145,1.0,1.0,0.3340035184719778,0.0,0.0,0.0152163882128912,1.0,1.0
392,150,0.0,0.0,0.2711736617240512,0.125,0.0,0.1299945425714559,1.0,1.0
393,155,1.0,0.0,0.1957778336265393,0.0,0.0,0.0150943963373549,0.5,1.0
394,160,0.5,0.0,0.497361146016587,0.0,0.0,0.0307419526351416,1.0,1.0
395,164,1.0,1.0,0.107816034179442,0.0,0.3333333333333333,0.0400621319261131,1.0,1.0
396,165,0.0,0.0,0.3465694898215631,0.0,0.1666666666666666,0.1073528504719231,1.0,1.0
397,171,1.0,0.0,0.0072882633827594,0.125,0.1666666666666666,0.0217307543665283,1.0,1.0
398,182,0.5,1.0,0.0072882633827594,0.25,0.1666666666666666,0.0761229303346364,1.0,1.0
399,183,1.0,0.0,0.0449861774315154,0.0,0.3333333333333333,0.0429899369389837,1.0,1.0
400,185,1.0,0.0,0.3465694898215631,0.125,0.0,0.0302539851329965,0.5,1.0
401,186,0.0,1.0,0.5601910027645137,0.0,0.0,0.0518221487278101,1.0,1.0
402,189,0.5,0.0,0.3968333752199044,0.0,0.0,0.0253743101115454,1.0,1.0
403,191,1.0,0.0,0.2334757476752953,0.125,0.0,0.0153303774213923,1.0,1.0
404,192,0.5,1.0,0.0324202060819301,0.125,0.1666666666666666,0.0507486202230909,1.0,1.0
405,193,0.0,0.0,0.5476250314149284,0.0,0.0,0.0541073981338561,0.0,1.0
406,194,0.0,0.0,0.723548630309123,0.0,0.0,0.2859895551532101,0.0,1.0
407,197,1.0,0.0,0.3465694898215631,0.0,0.0,0.0151269925664982,0.5,1.0
408,203,1.0,1.0,0.22090977632571,0.0,0.0,0.0157125535690723,1.0,1.0
409,206,1.0,1.0,0.3214375471223925,0.0,0.0,0.0366707577862046,0.0,1.0
410,207,1.0,0.0,0.1957778336265393,0.0,0.0,0.0151269925664982,0.5,1.0
411,208,0.0,1.0,0.497361146016587,0.0,0.0,0.060507970265993,0.0,1.0
412,210,0.5,0.0,0.4345312892686604,0.0,0.0,0.0409892701801888,1.0,1.0
413,214,0.0,0.0,0.3842674038703191,0.125,0.0,0.2210980752219471,0.0,1.0
414,215,1.0,0.0,0.3340035184719778,0.0,0.0,0.0154685698179998,1.0,1.0
415,217,0.0,0.0,0.3968333752199044,0.0,0.0,0.1489114811336148,0.0,1.0
416,219,1.0,1.0,0.1957778336265393,0.0,0.0,0.0157125535690723,1.0,1.0
417,223,0.0,1.0,0.4722292033174164,0.125,0.0,0.1756683007722378,1.0,1.0
418,225,0.5,1.0,0.2334757476752953,0.0,0.0,0.0204946350900944,1.0,1.0
419,229,0.0,0.0,0.4345312892686604,0.125,0.0,0.1629323489662505,1.0,1.0
420,232,1.0,0.0,0.0575521487811007,0.5,0.3333333333333333,0.0612643198943179,1.0,1.0
421,236,0.5,0.0,0.0952500628298567,0.0,0.3333333333333333,0.051236587725236,1.0,1.0
422,240,1.0,0.0,0.3465694898215631,0.125,0.0,0.0302539851329965,0.5,1.0
423,246,0.5,0.0,0.2963056044232219,0.0,0.3333333333333333,0.028302115124416,1.0,1.0
424,247,0.0,1.0,0.4596632319678311,0.125,0.1666666666666666,0.1025789668049371,1.0,1.0
425,254,1.0,0.0,0.3591354611711485,0.0,0.3333333333333333,0.0297578197768153,0.0,1.0
426,255,0.0,0.0,0.3465694898215631,0.0,0.0,0.1545881046795693,0.0,1.0
427,256,0.0,0.0,0.3717014325207338,0.0,0.0,0.1688367557422063,1.0,1.0
428,257,0.0,0.0,0.4345312892686604,0.0,0.0,1.0,0.0,1.0
429,258,0.5,0.0,0.6230208595124404,0.0,0.1666666666666666,0.0507486202230909,1.0,1.0
430,260,1.0,1.0,0.0324202060819301,0.5,0.3333333333333333,0.0612643198943179,1.0,1.0
431,266,1.0,1.0,0.3088715757728072,0.125,0.0,0.0151757893167127,1.0,1.0
432,267,0.0,0.0,0.723548630309123,0.0,0.1666666666666666,0.2995388511917728,1.0,1.0
433,268,0.0,0.0,0.4345312892686604,0.0,0.0,0.2647385704347907,1.0,1.0
434,270,1.0,1.0,0.3088715757728072,0.0,0.0,0.0,1.0,1.0
435,271,0.5,0.0,0.5099271173661725,0.0,0.1666666666666666,0.0380614651673182,1.0,1.0
436,273,1.0,0.0,0.3465694898215631,0.0,0.0,0.0151269925664982,0.5,1.0
437,274,0.0,0.0,0.7863784870570495,0.125,0.0,0.1521644676899149,1.0,1.0
438,278,1.0,0.0,0.4345312892686604,0.125,0.1666666666666666,0.0395253676737535,1.0,1.0
439,282,1.0,1.0,0.2334757476752953,0.0,0.0,0.0157125535690723,1.0,1.0
440,285,1.0,1.0,0.3717014325207338,0.0,0.0,0.0185427650815139,1.0,1.0
441,287,0.5,1.0,0.5224930887157577,0.0,0.0,0.0253743101115454,1.0,1.0
442,288,1.0,0.0,0.2711736617240512,0.0,0.0,0.0151269925664982,0.5,1.0
443,289,0.0,0.0,0.3214375471223925,0.0,0.0,0.1539049501765661,1.0,1.0
444,290,0.0,0.0,0.2334757476752953,0.125,0.0,0.1777747588854978,0.0,1.0
445,297,0.0,1.0,0.3465694898215631,0.0,0.0,0.0595320352617028,1.0,1.0
446,298,0.0,0.0,0.6230208595124404,0.0,0.1666666666666666,0.4831284260198326,0.0,1.0
447,299,1.0,0.0,0.3465694898215631,0.0,0.0,0.0151269925664982,0.5,1.0
448,300,1.0,1.0,0.3465694898215631,0.25,0.0,0.0453809776994947,0.5,1.0
449,302,0.5,0.0,0.3465694898215631,0.0,0.0,0.0241055946059681,0.5,1.0
450,304,0.0,1.0,0.0062829856747926,0.125,0.3333333333333333,0.2958058998003627,1.0,1.0
451,305,0.0,0.0,0.3465694898215631,0.0,0.0,0.2164297877224253,0.0,1.0
452,306,0.0,0.0,0.2083438049761246,0.125,0.0,0.2125586439344078,0.0,1.0
453,308,0.0,0.0,0.3717014325207338,0.0,0.0,0.1111183980924764,0.0,1.0
454,309,0.0,0.0,0.2963056044232219,0.0,0.0,0.1623141917345331,0.0,1.0
455,310,0.0,0.0,0.22090977632571,0.25,0.3333333333333333,0.5121218935012878,0.0,1.0
456,314,1.0,0.0,0.3214375471223925,0.0,0.0,0.0153303774213923,1.0,1.0
457,315,0.5,0.0,0.2963056044232219,0.125,0.0,0.0507486202230909,1.0,1.0
458,317,0.0,0.0,0.3842674038703191,0.0,0.3333333333333333,0.3217983671436256,1.0,1.0
459,318,0.0,0.0,0.497361146016587,0.125,0.1666666666666666,0.2625265161540666,0.0,1.0
460,321,0.5,0.0,0.3717014325207338,0.0,0.0,0.0241055946059681,0.5,1.0
461,322,0.5,0.0,0.2711736617240512,0.125,0.1666666666666666,0.0566042302488321,1.0,1.0
462,324,0.0,0.0,0.4470972606182458,0.0,0.0,0.2647385704347907,0.0,1.0
463,326,0.5,0.0,0.4470972606182458,0.0,0.0,0.0253743101115454,1.0,1.0
464,327,1.0,0.0,0.3842674038703191,0.125,0.1666666666666666,0.0400621319261131,1.0,1.0
465,328,0.0,0.0,0.1957778336265393,0.0,0.1666666666666666,0.1131678616014859,0.0,1.0
466,329,1.0,0.0,0.3465694898215631,0.25,0.0,0.0453809776994947,0.5,1.0
467,333,0.0,0.0,0.3465694898215631,0.125,0.0,0.2608674266467732,1.0,1.0
468,336,0.0,0.0,0.5099271173661725,0.0,0.0,0.2625265161540666,0.0,1.0
469,337,1.0,1.0,0.5601910027645137,0.0,0.0,0.0157125535690723,1.0,1.0
470,339,0.5,1.0,0.0198542347323448,0.125,0.1666666666666666,0.0507486202230909,1.0,1.0
471,340,0.0,0.0,0.2963056044232219,0.375,0.3333333333333333,0.5133418122566507,1.0,1.0
472,344,0.5,0.0,0.2963056044232219,0.0,0.0,0.0253743101115454,1.0,1.0
473,345,0.5,0.0,0.497361146016587,0.0,0.0,0.0253743101115454,1.0,1.0
474,346,1.0,0.0,0.3465694898215631,0.125,0.0,0.0314251071381447,1.0,1.0
475,347,1.0,1.0,0.0324202060819301,0.125,0.1666666666666666,0.0310347331364286,1.0,1.0
476,355,0.0,0.0,0.2711736617240512,0.0,0.1666666666666666,0.1073528504719231,1.0,1.0
477,357,1.0,0.0,0.3465694898215631,0.0,0.0,0.0153791741716068,0.5,1.0
478,358,1.0,0.0,0.3465694898215631,0.0,0.0,0.0153791741716068,0.5,1.0
479,365,0.0,0.0,0.7486805730082936,0.125,0.0,0.1468782181456766,0.0,1.0
480,366,1.0,0.0,0.3465694898215631,0.0,0.0,0.0141104586660295,0.0,1.0
481,367,1.0,0.0,0.3465694898215631,0.0,0.0,0.0151269925664982,0.5,1.0
482,368,0.0,0.0,0.2963056044232219,0.0,0.0,0.1352645915946231,0.0,1.0
483,369,0.0,1.0,0.3088715757728072,0.125,0.0,0.1082149914547131,0.0,1.0
484,374,0.0,0.0,0.3465694898215631,0.125,0.0,0.16038672010106,0.0,1.0
485,375,1.0,0.0,0.2711736617240512,0.0,0.0,0.014151057562208,1.0,1.0
486,379,0.0,0.0,0.5224930887157577,0.0,0.0,0.4440992237022602,0.0,1.0
487,380,1.0,0.0,0.0072882633827594,0.0,0.3333333333333333,0.0307257521140704,0.0,1.0
488,382,0.0,0.0,0.4345312892686604,0.125,0.0,0.1014972404461818,1.0,1.0
489,386,0.5,0.0,0.4470972606182458,0.0,0.0,0.0253743101115454,1.0,1.0
490,388,0.5,0.0,0.2083438049761246,0.0,0.0,0.023422440102965,0.0,1.0
491,389,0.0,1.0,0.4470972606182458,0.125,0.3333333333333333,0.2342244010296504,1.0,1.0
492,390,1.0,1.0,0.2586076903744659,0.0,0.0,0.0152163882128912,1.0,1.0
493,392,0.0,0.0,0.2837396330736366,0.125,0.0,0.2210980752219471,0.0,1.0
494,393,1.0,0.0,0.2963056044232219,0.0,0.3333333333333333,0.032596229143293,1.0,1.0
495,398,0.5,0.0,0.3465694898215631,0.0,0.0,0.0246911556085423,1.0,1.0
496,399,1.0,1.0,0.4847951746670017,0.0,0.0,0.0154685698179998,1.0,1.0
497,406,0.5,1.0,0.0324202060819301,0.125,0.1666666666666666,0.0365975626608828,1.0,1.0
498,411,0.0,0.0,0.4093993465694898,0.125,0.0,0.1756683007722378,0.5,1.0
499,413,1.0,1.0,0.5476250314149284,0.0,0.0,0.0154685698179998,1.0,1.0
500,415,0.5,0.0,0.4219653179190751,0.125,0.1666666666666666,0.0634357752788636,1.0,1.0
501,416,0.5,0.0,0.22090977632571,0.0,0.3333333333333333,0.0253743101115454,1.0,1.0
502,425,0.5,0.0,0.3465694898215631,0.125,0.0,0.0507486202230909,1.0,1.0
503,426,0.5,0.0,0.2334757476752953,0.0,0.0,0.0507486202230909,1.0,1.0
504,428,1.0,1.0,0.3968333752199044,0.0,0.0,0.0157125535690723,1.0,1.0
505,429,0.0,1.0,0.3465694898215631,0.0,0.0,0.0518221487278101,1.0,1.0
506,430,1.0,0.0,0.3465694898215631,0.125,0.0,0.0314251071381447,1.0,1.0
507,431,0.5,0.0,0.5224930887157577,0.125,0.0,0.0507486202230909,1.0,1.0
508,434,0.0,0.0,0.1706458909273686,0.125,0.3333333333333333,0.2342244010296504,1.0,1.0
509,436,0.5,0.0,0.2963056044232219,0.25,0.5,0.0365975626608828,1.0,1.0
510,439,0.5,0.0,0.5601910027645137,0.125,0.1666666666666666,0.051236587725236,1.0,1.0
511,442,0.5,0.0,0.3465694898215631,0.0,0.0,0.0253743101115454,1.0,1.0
512,443,1.0,1.0,0.3465694898215631,0.0,0.0,0.0158345454446086,1.0,1.0
513,444,0.0,1.0,0.0449861774315154,0.0,0.3333333333333333,0.1597767607233786,1.0,1.0
514,445,0.5,0.0,0.1580799195777833,0.0,0.1666666666666666,0.0380614651673182,1.0,1.0
515,446,0.0,1.0,0.4219653179190751,0.0,0.0,0.0518221487278101,1.0,1.0
516,447,1.0,0.0,0.0575521487811007,0.25,0.1666666666666666,0.0375896981862443,0.0,1.0
517,448,0.0,1.0,0.648152802211611,0.0,0.0,0.0595320352617028,1.0,1.0
518,452,0.0,1.0,0.610454888162855,0.125,0.0,0.1739198156185515,0.0,1.0
519,454,1.0,1.0,0.3591354611711485,0.0,0.0,0.0154115752137492,0.0,1.0
520,456,0.0,0.0,0.3465694898215631,0.125,0.0,0.101228858320002,1.0,1.0
521,457,0.5,0.0,0.6230208595124404,0.0,0.0,0.0204946350900944,1.0,1.0
522,459,0.0,1.0,0.5978889168132697,0.0,0.0,0.0518221487278101,1.0,1.0
523,468,1.0,0.0,0.0041467705453631,0.25,0.1666666666666666,0.0375896981862443,0.0,1.0
524,471,0.5,0.0,0.4093993465694898,0.125,0.3333333333333333,0.0541643927381066,1.0,1.0
525,472,0.5,0.0,0.2837396330736366,0.0,0.0,0.0269196055973385,0.0,1.0
526,478,1.0,0.0,0.0198542347323448,0.0,0.1666666666666666,0.0239836027304319,1.0,1.0
527,482,1.0,0.0,0.7863784870570495,0.0,0.0,0.0187135537072647,1.0,1.0
528,483,0.0,1.0,0.3088715757728072,0.125,0.0,0.1777747588854978,0.0,1.0
529,485,0.0,0.0,0.4345312892686604,0.125,0.0,0.1756683007722378,1.0,1.0
530,488,1.0,1.0,0.107816034179442,0.125,0.1666666666666666,0.0310347331364286,1.0,1.0
531,495,0.0,0.0,0.6732847449107816,0.125,0.0,0.1527664244005612,0.0,1.0
532,503,0.0,0.0,0.1957778336265393,0.0,0.0,0.1688367557422063,1.0,1.0
533,505,0.5,0.0,0.4093993465694898,0.0,0.3333333333333333,0.0507486202230909,1.0,1.0
534,506,0.0,1.0,0.3465694898215631,0.0,0.0,0.0518221487278101,1.0,1.0
535,508,1.0,1.0,0.3214375471223925,0.0,0.0,0.1102724576307577,1.0,1.0
536,509,1.0,1.0,0.3591354611711485,0.0,0.0,0.0151269925664982,0.5,1.0
537,511,0.0,1.0,0.4470972606182458,0.0,0.0,0.0513097828505578,1.0,1.0
538,512,0.0,0.0,0.6732847449107816,0.125,0.0,0.1159410785096769,0.0,1.0
539,515,0.5,0.0,0.4219653179190751,0.0,0.0,0.0204946350900944,1.0,1.0
540,517,0.5,0.0,0.4470972606182458,0.125,0.0,0.0507486202230909,1.0,1.0
541,519,0.0,0.0,0.3717014325207338,0.0,0.0,0.1824998458022693,1.0,1.0
542,522,0.0,0.0,0.5476250314149284,0.0,0.1666666666666666,0.1131678616014859,0.0,1.0
543,525,0.5,0.0,0.6230208595124404,0.0,0.0,0.0204946350900944,1.0,1.0
544,529,0.5,0.0,0.0198542347323448,0.125,0.1666666666666666,0.0507486202230909,1.0,1.0
545,532,1.0,0.0,0.3465694898215631,0.0,0.3333333333333333,0.0436404952128436,0.0,1.0
546,534,0.5,0.0,0.0826840914802714,0.0,0.3333333333333333,0.051236587725236,1.0,1.0
547,536,0.0,0.0,0.3717014325207338,0.0,0.0,0.2077277656631712,0.0,1.0
548,538,0.0,0.0,0.2711736617240512,0.0,0.3333333333333333,0.0966175654247308,0.0,1.0
549,539,0.0,0.0,0.4470972606182458,0.0,0.3333333333333333,0.1385827706092098,1.0,1.0
550,542,0.5,1.0,0.3968333752199044,0.125,0.0,0.0507486202230909,1.0,1.0
551,545,0.5,0.0,0.2334757476752953,0.125,0.0,0.0507486202230909,1.0,1.0
552,546,0.5,1.0,0.3465694898215631,0.0,0.0,0.027057797993946,0.0,1.0
553,548,0.5,1.0,0.0952500628298567,0.125,0.1666666666666666,0.0717312228153304,1.0,1.0
554,549,0.0,1.0,0.2083438049761246,0.0,0.3333333333333333,0.2164297877224253,0.0,1.0
555,552,1.0,1.0,0.2711736617240512,0.0,0.0,0.0141022608119935,0.0,1.0
556,553,1.0,0.0,0.2711736617240512,0.0,0.0,0.0151757893167127,1.0,1.0
557,555,0.0,0.0,0.5978889168132697,0.125,0.0,0.0772940523397846,0.0,1.0
558,557,0.0,0.0,0.4847951746670017,0.125,0.1666666666666666,0.1554664461834305,1.0,1.0
559,558,1.0,0.0,0.4470972606182458,0.125,0.0,0.0339625381492993,1.0,1.0
560,568,1.0,1.0,0.3968333752199044,0.0,0.0,0.0153303774213923,1.0,1.0
561,569,0.5,1.0,0.7738125157074642,0.0,0.0,0.0204946350900944,1.0,1.0
562,570,0.0,0.0,0.6607187735611963,0.25,0.0,0.1004807065457131,1.0,1.0
563,571,0.0,1.0,0.4470972606182458,0.0,0.0,0.0515049698514158,1.0,1.0
564,572,1.0,0.0,0.3465694898215631,0.0,0.0,0.0151269925664982,0.5,1.0
565,575,0.5,0.0,0.4219653179190751,0.0,0.0,0.0253743101115454,1.0,1.0
566,576,0.0,0.0,0.4847951746670017,0.125,0.0,0.1091095334796455,1.0,1.0
567,578,1.0,1.0,0.3968333752199044,0.0,0.0,0.0154685698179998,1.0,1.0
568,579,0.5,0.0,0.3088715757728072,0.125,0.1666666666666666,0.0585561002574126,1.0,1.0
569,580,0.0,0.0,0.4847951746670017,0.125,0.1666666666666666,0.2164297877224253,0.0,1.0
570,584,0.0,0.0,0.22090977632571,0.0,0.3333333333333333,0.1554664461834305,1.0,1.0
571,586,0.0,1.0,0.7486805730082936,0.125,0.1666666666666666,0.1545881046795693,0.0,1.0
572,590,0.0,0.0,0.648152802211611,0.125,0.0,0.1527664244005612,0.0,1.0
573,595,0.5,0.0,0.3465694898215631,0.0,0.0,0.0644117102831538,1.0,1.0
574,598,0.0,1.0,0.610454888162855,0.125,0.0,0.1111183980924764,0.0,1.0
575,599,0.5,0.0,0.2963056044232219,0.25,0.1666666666666666,0.0527004902316713,1.0,1.0
576,603,0.0,1.0,0.4345312892686604,0.0,0.0,0.0518221487278101,0.0,1.0
577,606,0.0,1.0,0.3340035184719778,0.0,0.0,0.0595320352617028,1.0,1.0
578,607,0.5,0.0,0.2711736617240512,0.125,0.3333333333333333,0.081157193460767,0.0,1.0
579,608,0.0,0.0,0.497361146016587,0.0,0.0,0.2995388511917728,1.0,1.0
580,611,1.0,0.0,0.3465694898215631,0.125,0.0,0.0302539851329965,0.5,1.0
581,614,0.5,0.0,0.2963056044232219,0.125,0.3333333333333333,0.1268715505577273,1.0,1.0
582,617,0.5,0.0,0.0449861774315154,0.25,0.1666666666666666,0.0761229303346364,1.0,1.0
583,620,0.0,1.0,0.5224930887157577,0.125,0.0,0.1025789668049371,1.0,1.0
584,621,1.0,1.0,0.2460417190248806,0.125,0.1666666666666666,0.0307257521140704,0.0,1.0
585,626,0.0,0.0,0.2586076903744659,0.0,0.0,0.1521644676899149,1.0,1.0
586,629,0.0,1.0,1.0,0.0,0.0,0.0585561002574126,1.0,1.0
587,631,0.0,1.0,0.3968333752199044,0.0,0.0,0.0595320352617028,0.0,1.0
588,634,0.5,0.0,0.3465694898215631,0.0,0.0,0.0253743101115454,1.0,1.0
589,640,0.0,0.0,0.2963056044232219,0.0,0.0,0.1352645915946231,0.0,1.0
590,642,1.0,1.0,0.3465694898215631,0.0,0.0,0.1102724576307577,1.0,1.0
591,643,1.0,0.0,0.0041467705453631,0.25,0.1666666666666666,0.0375896981862443,0.0,1.0
592,644,0.0,1.0,0.5978889168132697,0.125,0.0,0.1497654242623688,0.0,1.0
593,646,0.0,1.0,0.6984166876099522,0.0,0.0,0.0692913853046049,0.0,1.0
594,648,1.0,0.0,0.2837396330736366,0.0,0.0,0.0147366185647821,1.0,1.0
595,650,0.5,0.0,0.22090977632571,0.0,0.1666666666666666,0.0448930101973496,1.0,1.0
596,652,1.0,0.0,0.3465694898215631,0.0,0.0,0.0152815806711778,0.5,1.0
597,659,0.0,1.0,0.6230208595124404,0.25,0.0,0.2608674266467732,1.0,1.0
598,663,1.0,1.0,0.2460417190248806,0.125,0.0,0.0154685698179998,1.0,1.0
599,668,0.0,0.0,0.3465694898215631,0.125,0.0,0.1014972404461818,1.0,1.0
600,669,0.5,0.0,0.497361146016587,0.125,0.1666666666666666,0.0761229303346364,1.0,1.0
601,672,0.5,1.0,0.3842674038703191,0.0,0.0,0.0253743101115454,1.0,1.0
602,676,1.0,0.0,0.22090977632571,0.0,0.0,0.0192097190634459,1.0,1.0
603,678,0.0,1.0,0.4470972606182458,0.0,0.1666666666666666,1.0,0.0,1.0
604,680,0.0,1.0,0.3340035184719778,0.0,0.0,0.1497654242623688,0.0,1.0
605,688,0.0,0.0,0.183211862276954,0.0,0.1666666666666666,0.4125033279383646,1.0,1.0
606,689,0.0,1.0,0.3842674038703191,0.125,0.0,0.1112565904890839,1.0,1.0
607,690,1.0,0.0,0.0449861774315154,0.0,0.1666666666666666,0.0261876543441209,0.0,1.0
608,691,1.0,1.0,0.3465694898215631,0.0,0.0,0.1102724576307577,1.0,1.0
609,696,1.0,0.0,0.3465694898215631,0.0,0.0,0.0150943963373549,0.5,1.0
610,699,0.0,0.0,0.22090977632571,0.125,0.0,0.4440992237022602,0.0,1.0
611,700,0.0,1.0,0.4345312892686604,0.0,0.0,0.0513097828505578,1.0,1.0
612,705,0.5,0.0,0.5601910027645137,0.0,0.0,0.0263502451158356,1.0,1.0
613,706,0.0,1.0,0.5224930887157577,0.0,0.0,0.0513097828505578,1.0,1.0
614,707,0.0,0.0,0.2711736617240512,0.0,0.0,0.2958058998003627,1.0,1.0
615,708,1.0,1.0,0.3465694898215631,0.125,0.1666666666666666,0.0297578197768153,0.0,1.0
616,709,0.0,0.0,0.2963056044232219,0.0,0.0,0.0966257632787668,0.0,1.0
617,711,0.0,1.0,0.5978889168132697,0.125,0.0,0.1014972404461818,1.0,1.0
618,715,0.0,0.0,0.4722292033174164,0.0,0.0,0.4440992237022602,0.0,1.0
619,716,0.5,0.0,0.3340035184719778,0.0,0.0,0.0204946350900944,1.0,1.0
620,719,0.5,0.0,0.0701181201306861,0.0,0.1666666666666666,0.0644117102831538,1.0,1.0
621,723,0.0,1.0,0.3340035184719778,0.125,0.0,0.1036442974556203,1.0,1.0
622,725,0.5,0.0,0.3717014325207338,0.375,0.0,0.0409892701801888,1.0,1.0
623,726,1.0,0.0,0.3465694898215631,0.0,0.0,0.015102594191391,0.5,1.0
624,729,0.0,0.0,0.3591354611711485,0.0,0.0,0.4125033279383646,1.0,1.0
625,736,0.0,1.0,0.4345312892686604,0.0,0.0,1.0,0.0,1.0
626,739,0.0,1.0,0.3465694898215631,0.0,0.0,0.0585561002574126,1.0,1.0
627,741,0.0,0.0,0.2586076903744659,0.25,0.3333333333333333,0.5121218935012878,0.0,1.0
628,743,1.0,1.0,0.3842674038703191,0.0,0.0,0.0154685698179998,1.0,1.0
629,746,0.5,0.0,0.3717014325207338,0.0,0.0,0.0253743101115454,1.0,1.0
630,749,0.5,0.0,0.0449861774315154,0.125,0.1666666666666666,0.0448930101973496,1.0,1.0
631,750,1.0,1.0,0.0701181201306861,0.0,0.1666666666666666,0.0243495783570407,1.0,1.0
632,753,0.5,0.0,0.5978889168132697,0.125,0.3333333333333333,0.1268715505577273,1.0,1.0
633,754,0.5,1.0,0.0031414928373963,0.125,0.1666666666666666,0.028302115124416,1.0,1.0
634,758,0.0,0.0,0.4093993465694898,0.0,0.0,0.1688367557422063,1.0,1.0
635,761,1.0,1.0,0.2460417190248806,0.0,0.0,0.0141104586660295,0.0,1.0
636,762,0.0,0.0,0.4470972606182458,0.125,0.3333333333333333,0.2342244010296504,1.0,1.0
637,764,0.0,0.0,0.6355868308620256,0.125,0.0,0.1521644676899149,1.0,1.0
638,773,0.5,0.0,0.6732847449107816,0.125,0.5,0.0448930101973496,1.0,1.0
639,776,1.0,0.0,0.0575521487811007,0.0,0.0,0.0243495783570407,1.0,1.0
640,778,0.0,0.0,0.5350590600653431,0.0,0.1666666666666666,0.4125033279383646,1.0,1.0
641,779,1.0,0.0,0.1580799195777833,0.0,0.0,0.0141104586660295,0.0,1.0
642,780,0.0,0.0,0.2083438049761246,0.125,0.0,0.1112565904890839,1.0,1.0
643,785,1.0,0.0,0.22090977632571,0.0,0.0,0.0146308272103171,1.0,1.0
644,787,1.0,1.0,0.0072882633827594,0.125,0.3333333333333333,0.0401597254265421,1.0,1.0
645,795,0.0,0.0,0.610454888162855,0.0,0.0,0.0506104278264834,1.0,1.0
646,796,1.0,0.0,0.3842674038703191,0.0,0.0,0.0169486728455063,1.0,1.0
647,800,0.5,0.0,0.3842674038703191,0.125,0.1666666666666666,0.051236587725236,1.0,1.0
648,801,0.0,1.0,0.1329479768786127,0.125,0.3333333333333333,0.2342244010296504,1.0,1.0
649,802,1.0,1.0,0.0,0.0,0.1666666666666666,0.0166234913020768,0.0,1.0
650,803,1.0,1.0,0.3340035184719778,0.0,0.0,0.0136142933098484,1.0,1.0
651,808,0.0,0.0,0.4093993465694898,0.125,0.0,0.1036442974556203,1.0,1.0
652,819,0.0,0.0,0.648152802211611,0.125,0.1666666666666666,0.1824998458022693,1.0,1.0
653,820,1.0,1.0,0.3340035184719778,0.0,0.0,0.0169080739493278,1.0,1.0
654,822,1.0,0.0,0.3340035184719778,0.0,0.1666666666666666,0.0243495783570407,1.0,1.0
655,826,0.5,1.0,0.0072882633827594,0.0,0.3333333333333333,0.0722273881715115,0.0,1.0
656,827,1.0,1.0,0.3465694898215631,0.0,0.0,0.0151269925664982,0.5,1.0
657,828,1.0,0.0,0.183211862276954,0.125,0.0,0.0282127194780231,0.0,1.0
658,829,0.5,1.0,0.0051520482533299,0.125,0.1666666666666666,0.0365975626608828,1.0,1.0
659,833,0.0,0.0,0.4847951746670017,0.125,0.1666666666666666,0.1623141917345331,0.0,1.0
660,836,1.0,1.0,0.3968333752199044,0.0,0.0,0.1102724576307577,1.0,1.0
661,837,0.0,1.0,0.3465694898215631,0.0,0.0,0.0579705392548384,0.0,1.0
662,840,0.0,0.0,0.3717014325207338,0.0,0.0,0.060507970265993,0.0,1.0
663,847,0.0,0.0,0.3465694898215631,0.125,0.0,0.1739198156185515,0.0,1.0
664,851,0.0,0.0,0.1957778336265393,0.0,0.1666666666666666,0.0769036783380685,1.0,1.0
665,853,1.0,0.0,0.22090977632571,0.0,0.1666666666666666,0.0182499845802269,1.0,1.0
666,854,0.0,0.0,0.5601910027645137,0.125,0.1666666666666666,0.3217983671436256,1.0,1.0
667,855,0.0,1.0,0.6355868308620256,0.0,0.0,0.0518221487278101,1.0,1.0
668,856,1.0,0.0,0.2963056044232219,0.0,0.5,0.0375896981862443,0.0,1.0
669,860,0.0,0.0,0.5978889168132697,0.0,0.0,0.0506104278264834,1.0,1.0
670,863,0.5,0.0,0.5224930887157577,0.0,0.0,0.0253743101115454,1.0,1.0
671,864,0.5,0.0,0.3340035184719778,0.125,0.0,0.02704960013991,0.0,1.0
672,867,1.0,1.0,0.0449861774315154,0.125,0.1666666666666666,0.0217307543665283,1.0,1.0
673,869,0.0,0.0,0.5853229454636844,0.125,0.1666666666666666,0.1025789668049371,1.0,1.0
674,872,0.5,0.0,0.3465694898215631,0.125,0.0,0.04684488020593,0.0,1.0
675,873,1.0,0.0,0.183211862276954,0.0,0.0,0.0141022608119935,0.0,1.0
676,877,0.0,0.0,0.6984166876099522,0.0,0.1666666666666666,0.1623141917345331,0.0,1.0
677,878,0.5,0.0,0.3088715757728072,0.0,0.1666666666666666,0.0507486202230909,1.0,1.0
678,885,0.0,0.0,0.2334757476752953,0.0,0.0,0.0585561002574126,1.0,1.0
679,887,0.0,1.0,0.3214375471223925,0.0,0.0,0.0585561002574126,0.0,1.0
